objectid,filename,youtubeid,vimeoid,title,creator,date,description,subject,location,latitude,longitude,source,identifier,type,format,language,rights,rightsstatement
coll001,printable-mini-envelope-and-liners-0.pdf,,,Printable Mini Envelope,,2022,Printable mini envelope and liners,envelope; printable,,,,,,document,pdf,eng,,
coll002,Ruler_30-cm_by_mm.pdf,,,Printable Ruler,,2022,Printable ruler 30cm x mm,ruler; printable,,,,,,document,pdf,eng,,
coll003,small_envelope_template_sarica_studio.pdf,,,Printable Small Envelope,,2022,Printable small envelope template by Sarica Studio,envelope; printable,,,,,,document,pdf,eng,,
coll004,,,,,,,,,,,,,,,,,,
coll005,,,,,,,,,,,,,,,,,,
coll006,,,,,,,,,,,,,,,,,,
coll007,,,,,,,,,,,,,,,,,,
coll008,,,,,,,,,,,,,,,,,,
coll009,,,,,,,,,,,,,,,,,,
coll010,,,,,,,,,,,,,,,,,,
coll011,,,,,,,,,,,,,,,,,,
coll012,,,,,,,,,,,,,,,,,,
coll013,,,,,,,,,,,,,,,,,,